,models,rcp85,rcp60,rcp45,rcp26
0,aldpb,951.5714720526539,666.9005749493159,535.4377155361527,417.48206422198564
1,aldpc,1031.0625075362623,713.719327574257,561.9915318675339,425.1703913641077
2,aldpi,974.7360467868433,675.4271585536612,545.8312132924965,422.52142421520233
3,aldpl,927.6338598944924,655.7835678739303,529.6435410855338,416.7639258825643
4,aldpo,1057.7497543470763,756.0297566339035,599.6989162998613,453.7702056536959
5,aldpp,1282.977794868533,784.6070511732249,593.8468887258997,455.1154058638282
6,aldqi,852.389044170691,631.7049675007265,517.6951447290114,411.15271001630884
7,aldqj,981.7132562271913,695.8048086909747,551.3211601117456,432.9201778587462
8,aldql,1150.9116209874098,745.0443385592239,575.6616724697365,444.49444712055
9,aldqm,907.7953026545317,651.7568677240474,527.1137329559265,416.54766722455287
10,aldqn,1059.8195764363154,734.4058857680382,585.0175736916505,434.1299142900177
11,aldqp,1188.5812934699725,764.295310628685,574.2898475463418,445.93398475130516
12,aldqq,1595.724797384305,936.2013396722348,658.7511108426207,468.83526639166206
13,aldre,917.846170275218,668.3617115909743,533.6058662082492,413.12059858517546
14,aldrh,860.5534702920439,620.3345269155267,513.7536896985363,398.1864362933927
15,aldri,1409.6200466156006,841.7438392908397,598.244531746869,495.3345289157534
16,aldrm,1083.6166223849762,744.4140157366002,581.8428260020232,440.2682150777599
17,aldrn,1093.7515842008659,727.1350371990013,573.3435960296033,450.26518108153886
18,aldrq,1012.159268033098,712.1005143165927,548.9222120641815,411.44999373831183
19,aldsb,1013.0000565285707,697.3268675871869,555.1990457619963,428.2615819564936
20,aldsh,853.8832507011565,609.8994040671228,495.1717498691075,389.6716304800728
21,aldsi,949.87209410068,668.8445626588708,534.2271734579382,407.8635604607618
22,aldsj,1123.3822813003578,732.7372758564624,572.6206238085234,434.78954731571406
23,aldsl,1005.7070334865288,683.6340921422975,548.7016566224735,417.00673252555794
24,aldso,1454.9842612309887,896.8701162798837,643.7162810470909,463.3002417077395
25,aldsp,1054.3889022135938,717.6082237327303,555.9754592303017,440.9502911254425
26,aldsq,1242.178836202418,748.2715300284326,572.3249130162664,432.50872245566416
